{
  "dem_min": 0.0,
  "dem_max": 2650.67724609375,
  "rsp_min": -99999.0,
  "rsp_max": 1.8486051559448242,
  "grid_origin_x": 688800.0,
  "grid_origin_y": 1434800.0,
  "grid_width": 1645,
  "grid_height": 1710,
  "tile_size": 400
}