{
  "wind_speed_mean": 2.8115970540106194,
  "wind_speed_std": 1.6880107728683367,
  "humidity_mean": 55.525319796492184,
  "humidity_std": 20.460394373823952,
  "precipitation_log_mean": 0.02570414089961,
  "precipitation_log_std": 0.15841117322301224,
  "num_stations": 103,
  "num_timestamps": 13326,
  "coverage": {
    "processed": 13326,
    "missing": 0,
    "success_rate": 1.0
  }
}