{
  "x_mean": 1068273.2793724788,
  "x_std": 100950.64909652139,
  "y_mean": 1849259.8695843492,
  "y_std": 95071.33309197212,
  "te_mean": 11.426905240977923,
  "te_std": 8.722528025796633,
  "i_mean": 1.88883769415869,
  "i_std": 0.4013058446421117,
  "tm_log_mean": 10.639675038488871,
  "tm_log_std": 1.1416872876342354,
  "n_episodes": 130,
  "n_records": 115799
}